{"cameraMode":{"drawMode":0,"name":"Shaded","section":"Shading Mode"},"sceneLighting":true,"audioPlay":false,"sceneViewState":{"showFog":true,"showMaterialUpdate":false,"showSkybox":true,"showFlares":true,"showImageEffects":true,"showParticleSystems":true},"in2DMode":false,"pivot":{"x":6.299640655517578,"y":1.0204272270202637,"z":4.885741233825684},"rotation":{"x":0.19667953252792359,"y":-0.6494057178497315,"z":0.7123485803604126,"w":0.17930112779140473},"size":15.759668350219727,"orthographic":true}